http://secure.runescape.com.d.weblagon.loginform.com/mod/?/&=&ssl=0;1
http://wn.com/1987_Rugby_World_Cup;0
http://rediff.com/sports/report/french-open-2011-roger-federer-monfils-murray-djokovic/20110601.htm;0
http://www.plancho.de/988g765f;1
http://biophyt.net/js/sss/hotmail/zonalzone/homezone;1
http://jasquaniel.com/index.php?option=com_content&view=article&id=91:-la-cire-doreille&catid=14:textes-recits-poemes&Itemid=42;1
http://intelligentsoccer.com/?p=566;0
http://yourcab.ca/tour-chester.htm;0
http://homesofbr.com/index.php?option=com_properties&view=properties&task=map&id=14&Itemid=94;1
http://svadebny.com/index.php?option=com_sobi2&catid=127&Itemid=697;1
